id,autores,ano,veiculo,tipo_publicacao,tipo_veiculo,dominio_aplicacao,tipo_adulteracao,backbone_base,estrategia_customizacao,ponto_intervencao,dominio_representacao,operador_fusao,fusao_condicional,combina_multiplas,quais_combinadas,avalia_interacao,datasets,metricas,protocolo_validacao,resultado_principal,ganho_sobre_baseline,cross_dataset,queda_cross_dataset,custo_params,custo_flops,custo_latencia,hardware_reportado,ablacao,escopo_ablacao,limitacoes_declaradas,qa1,qa2,qa3,qa4,qa5,qa6,qa_total,extracao_origem,falha_leitura,observacao_extrator
S0020,Gu; Nam; Lee,2022,IEEE Access,periodico,IEEE,imagem_natural,splicing+copy_move,ResNet18,"decomposicao DCT da imagem de entrada em componentes de baixa e alta frequencia alimentando tres encoders de parametros compartilhados, modulo de auto-atencao dilatada (DFSAM) na ponte e decoder multitarefa com fluxo de borda separado",transversal,borda+espacial+frequencia,atencao,sim,sim,borda+frequencia,parcial,CASIA TIDE v1.0; CASIA TIDE v2.0; Carvalho (DSO-1); Columbia; COVERAGE; IMD2020,IoU; F1; MCC,"divisao 80/10/10 (treino/validacao/teste) em cada dataset, imagens redimensionadas para 256x256, 100 epocas, batch 32, otimizador Adabound com cosine annealing de 1e-3 a 1e-6; sem folds, sem sementes e sem selecao de limiar declarados","media de IoU 70,99%, F1 76,98% e MCC 55,90% nos seis datasets","+9,79% IoU, +9,82% F1 e +17,22% MCC sobre o segundo melhor metodo (SENet: 61,20% / 67,16% / 38,68%); na ablacao, +1,76% IoU e +2,34% F1 sobre a variante sem decomposicao DCT e +3,36% IoU / +3,49% F1 sobre a variante sem o fluxo de borda",nao,nao_aplica,nao_informado,nao_informado,nao_informado,"Ubuntu 18.04 com GPU TITAN RTX 2080Ti, Python 3.8, PyTorch 1.8.0",sim,"remove um componente por vez do modelo completo (decomposicao DCT, fluxo de borda MTL, DFSAM, feature auxiliar de segmentacao, compartilhamento de parametros, Dice loss, CutMix) e ainda varia o backbone (Tabela 6) e o parametro de razao do CutMix (Tabela 5)","o tamanho do filtro de frequencia foi derivado empiricamente a partir da area adulterada media do dataset; quando a area forjada e ampla o filtro fica pequeno demais e a feature nao e capturada efetivamente (Figura 7, casos de falha)",1,1,1,1,1,1,6.0,ia_pendente_verificacao,,"Todas as tabelas do PDF sao imagens rasterizadas e nao aparecem na camada de texto (nem com pdftotext -layout). Os numeros da ablacao (Tabela 4) e da comparacao com o estado da arte foram recuperados da narrativa das secoes V-A a V-I, que os repete. Os valores das Tabelas 5, 6, 7 e 8 nao puderam ser lidos; em particular a Tabela 6 compara backbones citando complexidade computacional, mas os numeros de parametros/FLOPs nao sao verificaveis, por isso custo_params e custo_flops ficaram como nao_informado"
S0043,Pan; Ma; Wu; Liu,2024,Electronics,periodico,MDPI,imagem_natural,splicing+copy_move+inpainting,SegFormer-B0 (encoder transformer hierarquico) com decoder FPN,"ramo auxiliar paralelo que recebe a imagem filtrada por Sobel (componente de alta frequencia) e e supervisionado pelo mapa de bordas da regiao adulterada, agregado ao ramo RGB principal por um modulo de fusao multicamada com reponderacao sigmoide",transversal,borda+espacial,atencao,sim,sim,borda+espacial,parcial,CASIA v2.0 (treino) / CASIA v1.0 (teste); NIST16; COVERAGE,F1; AUC; mIoU; acuracia; precisao; recall,"CASIA 2.0 como treino e CASIA 1.0 como teste; NIST dividido em 404 treino e o restante teste; COVERAGE 75 treino (mais 142 imagens sinteticas geradas pelos autores) e 25 teste; entrada 512x512, batch 16, 30K iteracoes em CASIA e 8K em NIST/COVERAGE, AdamW lr 6e-5 e weight decay 1e-2; sem folds, sem sementes e sem selecao de limiar declarados","F1 57,3% e AUC 89,9% em CASIA; F1 90,9% e AUC 99,7% em NIST16; F1 73,8% e AUC 95,8% em COVERAGE (Tabela 1)","+1,9%, +9,0% e +1,5% de F1 sobre o melhor metodo anterior (PSCC-Net) em CASIA, NIST e COVERAGE; sobre o baseline interno SegFormer-B0 em CASIA, F1 vai de 55,8% para 57,2% (+1,4) e mIoU de 48,9% para 50,4% (+1,5) (Tabela 3)",nao,nao_aplica,nao_informado,nao_informado,nao_informado,nao_informado,sim,"parte do baseline SegFormer-B0 e adiciona incrementalmente o ramo de alta frequencia (HFAB), tres operadores de fusao alternativos (soma, concatenacao, MLF) e a supervisao de borda (ES), em 7 configuracoes (Tabela 3); alem de avaliacao de robustez sob blur gaussiano, ruido gaussiano, compressao JPEG e redimensionamento (Tabela 4)",dificuldade em detectar regioes adulteradas muito pequenas; regioes detectadas ficam incompletas; desempenho suboptimo quando ha multiplas regioes adulteradas na mesma imagem (Figura 10),1,1,1,1,1,1,6.0,ia_pendente_verificacao,,"O texto tem duas inconsistencias internas do proprio artigo: na Secao 5 afirma-se que em COVERAGE o metodo atinge ""77.9%/95.8%"" de F1/AUC, enquanto a Tabela 1, o resumo e a conclusao registram 73,8%; e a Tabela 3 da ablacao encerra em F1 57,2 enquanto a Tabela 1 reporta 57,3 para a mesma configuracao em CASIA. Adotei os valores da Tabela 1 (repetidos no resumo e na conclusao) para resultado_principal. Nenhum custo computacional nem hardware e reportado: a Secao 4.3 cita apenas SO, Python e PyTorch [Reclassificado em 2026-09-30 apos validacao pelo autor: dominio_representacao de espacial+frequencia+borda para espacial+borda e quais_combinadas de frequencia+borda para espacial+borda. O ramo auxiliar aplica apenas filtro Sobel 3x3, rotulado pelos autores como 'alta frequencia', sem transformada espectral (DCT, wavelet ou Fourier). A supervisao de borda so existe sobre o ramo Sobel, logo nao ha dois dominios distintos cruzados.]"
S0059,Gao; Sun; Cheng; Guan; Liu; Wang,2022,IEEE Transactions on Knowledge and Data Engineering,periodico,IEEE,imagem_natural,splicing+copy_move,ResNet101 (arquitetura base DeepLabV3+),"rede de dois fluxos sobre o mesmo backbone: um fluxo RGB e um fluxo de frequencia que converte a imagem para YCbCr, aplica DCT em blocos 8x8 e seleciona adaptativamente os 192 canais de frequencia por um modulo tipo squeeze-and-excitation (AFS) que substitui a conv1-x do ResNet101, fundidos camada a camada por atencao cruzada (ACF), mais uma rede de localizacao de artefatos de borda (BAL) com camadas convolucionais com porta, otimizada conjuntamente",transversal,borda+espacial+frequencia,atencao,sim,sim,borda+frequencia,sim,CASIA v1.0 (teste; treino em CASIA v2.0 mais dataset sintetico); COVERAGE; Carvalho (DSO-1); In-The-Wild,MCC; F1,"treino unico com 100.000 blocos de 256x256 (46.000 recortados de CASIA v2.0 com flip aleatorio e 54.000 de um dataset sintetico, metade copy-move e metade splicing), depois teste nos quatro benchmarks; backbone ResNet101 pre-treinado em ImageNet com lr 0,001 e a rede treinada com lr 0,01, SGD com momento 0,9 e weight decay 5e-4, pesos de perda lambda1=0,05, lambda2=0,05 e lambda3=0,9; sem folds, sem sementes e sem selecao de limiar declarados","MCC 0,615 e F1 0,597 em CASIA v1.0; MCC 0,456 e F1 0,518 em COVERAGE; MCC 0,503 e F1 0,584 em Carvalho; MCC 0,454 e F1 0,567 em In-The-Wild (Tabela I)","sobre o baseline DeepLabV3+ com o mesmo backbone ResNet101: +11,0 pontos de MCC e +11,4 de F1 em CASIA v1.0 (0,505/0,483 para 0,615/0,597), +8,2/+10,3 em COVERAGE, +10,2/+11,6 em Carvalho e +8,9/+6,2 em In-The-Wild",sim,"o modelo e treinado apenas com CASIA v2.0 mais dados sinteticos e testado nos outros tres benchmarks sem re-treino: MCC 0,615 em CASIA v1.0 contra 0,456 em COVERAGE, 0,503 em Carvalho e 0,454 em In-The-Wild, ou seja, queda de 0,11 a 0,16 de MCC. O artigo nao rotula esses numeros como queda de generalizacao; a diferenca foi calculada por mim a partir da Tabela I e deve ser conferida pelo autor",nao_informado,nao_informado,nao_informado,nao_informado,sim,"duas ablacoes. A Tabela II varia as componentes de cor do fluxo de frequencia (Y, Cb, Cr, Cb+Cr, Y+Cb+Cr) com e sem o modulo AFS. A Tabela III cruza o fluxo de frequencia e o modulo de borda sobre o baseline RGB em oito configuracoes (RNet, FNet, TNet, TNet+ACF, RNet+BAL, FNet+BAL, TNet+BAL, TBNet), nos quatro datasets. Ha ainda avaliacao de robustez sob compressao JPEG (q=70 e 50) e redimensionamento (0,7 e 0,5)",nao_informado,1,1,1,1,1,1,6.0,ia_pendente_verificacao,,"O PDF depositado e a versao de preprint do arXiv (arXiv:2108.04508v1, 10 ago 2021, cabecalho ""JOURNAL OF LATEX""), nao a versao publicada na IEEE TKDE (10.1109/tkde.2022.3187091). Os numeros extraidos sao os do preprint e podem diferir da versao final; recomendo conferencia se algum valor for citado no texto do TCC. O estudo e o precedente mais forte do lote para a RQ1.3: combina frequencia (DCT em YCbCr com selecao adaptativa de canais) e borda (BAL) sobre o mesmo ResNet101 e faz a ablacao cruzada completa nos quatro datasets. Inconsistencia interna do artigo: o resumo diz que o ganho em CASIA1.0 e de 11%/11,1% em MCC/F1, mas a Secao IV-D e a Tabela I dao 11,0%/11,4%; adotei os valores da tabela. Nenhum custo computacional nem hardware e reportado, e a conclusao traz apenas trabalho futuro, sem limitacoes declaradas"
S0225,Zhang; Zeng; Yang,2025,Electronics,periodico,MDPI,imagem_natural,splicing+copy_move+inpainting,ConvNeXt V2,"modulo MEAC (multi-scale edge-guided artifacts capturing) que aplica operador Laplaciano seguido de convolucoes rasas sobre a saida de cada um dos quatro blocos do backbone, alimentando um decodificador de borda supervisionado por perda de borda multiescala",transversal,borda+espacial,concatenacao,nao,nao,nao_aplica,nao,NIST; NIST+; Coverage; Columbia; CASIA v1+; CoCoGlide; InTheWild; Korus; DSO,F1; AUC; IoU; acuracia,"mesmo conjunto de treino do CAT-Net v2, sem sobreposicao com os conjuntos de teste; limiar fixo em 0,5 para F1 e IoU; 20 epocas, lote 32, AdamW com taxa inicial 1e-4 e weight decay 1e-5, ReduceLROnPlateau; conjunto de validacao para early stopping; sem folds e sem sementes declaradas","localizacao em nivel de pixel: F1 medio 0,743, AUC medio 0,942 e IoU medio 0,691 nos quatro conjuntos; melhor caso Columbia F1 0,947. Nivel de imagem: F1 medio 0,804, AUC medio 0,887, ACC medio 0,825","+15,2% em F1 de pixel sobre o segundo melhor metodo (TruFor 0,591 para 0,743), +4,3% AUC e +17,1% IoU; em nivel de imagem +6,6% F1, +11,4% AUC, +9,9% ACC. Internamente, adicionar a perda de borda eleva o F1 medio em 5,0% e o IoU em 6,6% (Tabela 4)",sim,nao_informado,nao_informado,nao_informado,nao_informado,"servidor com 4 GPUs NVIDIA A100 80GB, PyTorch 1.13.0",sim,"varia termos da funcao de perda (DiceLoss, DiceBCELoss, adicao da perda de borda) e componentes do treino de forma incremental (imagens autenticas, perda de classificacao, geracao auto-supervisionada iterativa, treino auto-adversarial progressivo), alem do numero de iteracoes de auto-supervisao","AUC suboptima no conjunto Columbia, marginalmente atras do melhor resultado da literatura; autores indicam necessidade de conjuntos maiores de cenario real",1,1,1,1,1,1,6.0,ia_pendente_verificacao,,"A triagem marcou o estudo como borda+frequencia, mas a leitura do texto completo nao encontrou ramo de frequencia: a palavra frequencia aparece na justificativa do operador Laplaciano e na descricao da frequencia do treino adversarial. Reclassificado como espacial+borda. O ganho reportado como percentual e em pontos absolutos de F1 (0,591 para 0,743 = 15,2 pontos), nao ganho relativo. Os autores afirmam significancia estatistica na Secao 4.2 sem aplicar nenhum teste estatistico."
S0231,Yang; He; Ma; Lv; Chen; Wang,2025,Sensors,periodico,MDPI,imagem_natural,splicing,"proprio (encoder-decoder com dois blocos residuais do ResNet-18 no estagio de extracao, treinado do zero sem pesos pre-treinados)","cascata de tres modulos sobre um unico backbone: CSDRFBlock antes do primeiro downsampling, ESFFM com Adaptive Smooth Filter aprendivel que decompoe as features em componentes de baixa e alta frequencia, e MGFA nas skip connections, tudo supervisionado por uma perda de borda multiescala (ME-Dice) com nucleos de diferenca central 1x3 e 1x5",transversal,borda+espacial+frequencia,concatenacao,nao,sim,borda+frequencia,parcial,CASIA v1.0; CASIA v2.0; NIST'16; COLUMBIA,precisao; revocacao; F-measure,"particionamento por imagem-fonte (todas as adulteracoes derivadas de uma mesma imagem autentica ficam na mesma particao). Setup principal: CASIA v2.0 1300 treino / 100 validacao / 200 teste; COLUMBIA 125/10/45; NIST'16 180/15/60. Setup secundario (Secao 4.7): CASIA v1.0 e COLUMBIA com divisao 65% treino / 35% teste e sem data augmentation. Treino do zero, 150 epocas, Adam com taxa inicial 0,0002 e betas (0,5; 0,999), lote 8, agendador cosseno, entrada 256x256. Sem folds, sem sementes e sem selecao de limiar declaradas","F-measure 0,877 na CASIA v2.0 (precisao 0,887, revocacao 0,865), 0,964 na COLUMBIA e 0,919 na NIST'16, melhor F-measure entre todos os metodos comparados nos tres conjuntos","+0,168 de F-measure sobre o baseline interno na CASIA v2.0 (0,709 para 0,877, Tabela 3); sobre o melhor concorrente publicado (CAT-Net, F 0,851) o ganho e de +0,026",nao,nao_aplica,"52,08 M","124,86 GFLOPs para entrada 256x256","35,1 FPS em GPU NVIDIA GeForce RTX 5070 Ti","NVIDIA GeForce RTX 5070 Ti, PyTorch 2.4.1",sim,"Tabela 3 adiciona incrementalmente CSDRFBlock, ESFFM e MGFA sobre o modelo Edgebase (baseline mais perda de borda ME-Dice); Tabela 4 varia a composicao da perda de borda (Sobel 2D, nucleo 1x3, nucleo 1x5, combinacao); Tabela 5 compara ME-Dice com Boundary, Focal e Active Contour Loss; Tabela 6 compara seis estrategias de fusao de informacao de frequencia (SRM fixo, gaussiano fixo, ASF aprendivel, soma versus concatenacao)","degradacao sob ataque de redimensionamento, atribuida pelos autores ao fato de a interpolacao borrar justamente os artefatos de alta frequencia que o ESFFM separa; alta precisao ao custo de revocacao mais baixa em alguns conjuntos; deteccoes incompletas em substituicoes de fundo natural de grande area com contornos finos e baixo contraste",1,1,1,1,1,1,6.0,ia_pendente_verificacao,,"Candidato forte a precedente da combinacao frequencia+borda, mas a combinacao e assimetrica: a customizacao de frequencia e arquitetural (ESFFM/ASF) e a de borda e uma funcao de perda (ME-Dice), nao um ramo de features. Ambiguidade registrada no operador de fusao: o texto da Secao 3.4.2 descreve concatenacao de canais, enquanto a legenda da Figura 8 diz que o ESFFM ""uses frequency decomposition to generate an attention map for feature enhancement""; adotei o texto por ser explicito, mas o autor deve conferir a Figura 8 no PDF (p. 14). O MGFA, que fica nas skip connections e nao na fusao espaco-frequencia, usa mapas de atencao dependentes da entrada (sigmoid), o que tornaria fusao_condicional igual a sim se o campo se referisse a ele. As checkmarks das Tabelas 3 e 4 vieram embaralhadas no pdftotext; os valores foram lidos pelos rotulos de linha e confirmados pela narrativa das Secoes 4.5 e 4.6."
S0272,Wang; Zhu; Sun; Qian; Chen,2023,Electronics,periodico,MDPI,imagem_natural,inpainting,"proprio (MPIF-Net: tres caminhos codificador-decodificador paralelos de mesma estrutura, com blocos densos residuais)","duas customizacoes sobre a mesma rede multi-caminho: FCBAM, atencao de canal calculada sobre componentes 2D DCT em vez de global average pooling, colocada ao fim de cada modulo AARDM do codificador, e BGM, modulo de guia de borda que funde as saidas dos tres decodificadores para prever a fronteira da regiao inpaintada, usado apenas no treino",transversal,borda+espacial+frequencia,atencao,sim,sim,borda+frequencia,sim,"conjunto proprio derivado do Places2: 19.350 imagens 256x256, cada uma adulterada por quatro abordagens de inpainting profundo (Iizuka et al., Yu et al., Zeng et al., Liu et al.), com mascaras circular, retangular e irregular de 1%, 5% e 10% da imagem",IoU; F1; TPR; FPR,"divisao aleatoria em 18.000x4 imagens de treino, 450x4 de validacao e 900x4 de teste; treino com Adam (momentos 0,9 e 0,999), mini-lote 24, 100 epocas, taxa de aprendizado inicial 3e-3 com reducao de 50% a cada 10 epocas, entrada 256x256. Sem folds, sem sementes e sem selecao de limiar declaradas","no conjunto do inpainting de Yu et al.: F1 medio 95,73% e IoU medio 92,17%, TPR medio 95,53% e FPR medio 0,16%; melhor caso F1 98,49% e IoU 97,03% com mascara circular cobrindo 10% da imagem","+7,68 pontos de F1 medio e +11,06 de IoU medio sobre o melhor concorrente (IID-Net, F1 88,05% e IoU 81,11%); em regioes de apenas 1% da imagem a vantagem de F1 chega a 14,9, 18,6 e 13,7 pontos para mascaras circular, retangular e irregular. Internamente, o modelo completo supera o baseline MPN em +2,25 pontos de IoU (89,92% para 92,17%) e +1,28 de F1",nao,nao_aplica,nao_informado,nao_informado,nao_informado,"uma GPU NVIDIA GeForce 3080 Ti com 12 GB de memoria, PyTorch",sim,"Tabela 7 varia o mecanismo de atencao dentro do AARDM (sem atencao, CBAM convencional, FCBAM com 4, 16 e 32 componentes DCT mais altos); Tabela 8 cruza a presenca do modulo de guia de borda com a presenca da atencao de frequencia (MPN, MPN-B, MPN-F16 e MPN-F16-B)","os autores afirmam que robustez e generalizacao ainda precisam melhorar e que o objetivo futuro e detectar tecnicas de inpainting desconhecidas aprendendo direto de imagens sem pos-processamento; os proprios resultados mostram queda forte sob compressao JPEG (IoU de 94,94% sem distorcao para 62,13% com QF 75)",1,1,1,0.5,1,1,5.5,ia_pendente_verificacao,,"Melhor precedente do lote para a RQ1.3: combina frequencia (atencao de canal por DCT) com borda (guia de fronteira) sobre o mesmo backbone e mede as quatro celulas do cruzamento na Tabela 8. Vale registrar que, no caso deles, a combinacao e subaditiva. Diferencas em relacao ao TCC: a frequencia entra como reponderacao de canais e nao como ramo paralelo de features, e a borda entra como ramo auxiliar supervisionado ativo so no treino. Ponto a conferir pelo autor: cross_dataset foi marcado como nao porque a Secao 6.1 declara que as quatro abordagens de inpainting entram no mesmo conjunto de treino (""resulting in a total of 19,350 x 4 inpainted images. The final obtained dataset was randomly divided into a training set with 18,000 x 4 images""), o que contradiz o titulo da Secao 6.5, ""Generalization Performance Evaluation of Networks""; os resultados das Tabelas 4 a 6 (F1 de 98,22%, 89,89% e 98,57%) nao mostram queda em relacao ao conjunto principal, padrao compativel com teste dentro da distribuicao. O texto extraido do PDF veio com grande parte das paginas 2 a 8 duplicada caractere a caractere (artefato de camada dupla de texto no PDF), o que dificultou a leitura das Secoes 1 e 2; os numeros das Tabelas 1, 2, 7 e 8 foram conferidos contra a prosa das Secoes 6.3 e 6.6 e batem."
S0280,Gui; Ye; Zheng,2025,Journal of Electronic Imaging,periodico,SPIE,imagem_natural,splicing+copy_move+inpainting,ConvNeXt-T pre-treinado na ImageNet,"tres modulos sobre o mesmo codificador: HFRM, que aplica Haar wavelet downsampling para recuperar detalhe de alta frequencia nas tres camadas intermediarias, EEM, que extrai bordas com camadas Sobel e Laplaciana em tres taxas de dilatacao, e EGAM, que cruza as features de borda com as semanticas por atencao espacial e de canal",transversal,borda+espacial+frequencia,atencao,sim,sim,borda+frequencia,sim,"CASIA v1.0; CASIA v2.0; COVERAGE; Columbia; NIST16; Wild; pre-treino no conjunto sintetico de Liu et al. (116.583 splicing, 100.000 copy-move, 78.246 removal) mais IMD2020",AUC; F1,"pre-treino no conjunto sintetico mais IMD2020, com amostragem aleatoria de 2.500 imagens por categoria de manipulacao a cada epoca; ajuste fino com as divisoes da Tabela 1 (CASIA v2.0 para treino e CASIA v1.0 para teste; COVERAGE 75 treino e 25 teste; NIST16 404 treino e 160 teste); limiar fixo em 0,5 para o F1, declarado explicitamente para evitar estimativa inflada; imagens redimensionadas para 512x512; Adam com taxa inicial 0,0002 reduzida a metade a cada 10 epocas e betas 0,9 e 0,999. Todas as tabelas reportam melhor execucao unica mais media e desvio padrao sobre multiplas execucoes, mas o numero de execucoes nunca e informado. Sem folds e sem sementes declaradas","modelo pre-treinado: AUC 84,5% no CASIA, 93,7% no COVERAGE, 99,5% no Columbia, 85,3% no NIST16 e 87,6% no Wild. Modelo ajustado: AUC 91,8% e F1 62,9% no CASIA, AUC 97,6% e F1 81,3% no COVERAGE, AUC 99,7% e F1 87,2% no NIST16","na ablacao do NIST16 ajustado, o modelo completo supera o baseline em +2,0 pontos de AUC (97,7% para 99,7%) e +8,8 de F1 (78,4% para 87,2%). Contra concorrentes, +1,9 de AUC e +5,5 de F1 sobre o ObjectFormer no COVERAGE ajustado, e +1,3 de AUC sobre o PSCC-Net no Columbia pre-treinado",sim,"comparando o modelo pre-treinado no conjunto sintetico com o mesmo modelo ajustado no conjunto alvo, a AUC cai 14,4 pontos no NIST16 (99,7% ajustado contra 85,3% pre-treinado), 7,3 pontos no CASIA (91,8% contra 84,5%) e 3,9 pontos no COVERAGE (97,6% contra 93,7%). Os autores atribuem o caso do NIST16 a ""significant distribution differences between these datasets and the synthetic training dataset""",nao_informado,nao_informado,nao_informado,"Ubuntu 20.04, PyTorch 2.1.2, uma GPU NVIDIA RTX 3090",sim,"a Tabela 7 cruza presenca e ausencia de HFRM, EEM e EGAM em sete das oito combinacoes possiveis (falta apenas EEM mais EGAM sem HFRM); alem disso a Tabela 2 compara sete backbones (VGG16, ResNet34, ResNet50, ResNeXt50, Swin-T, PVT-S e ConvNeXt-T), a Tabela 3 compara combinacoes de perdas para os ramos RGB e de borda, e a Tabela 4 varia o peso lambda entre as duas perdas de 0,3 a 0,8","robustez claramente limitada sob desfoque gaussiano, porque o desfoque corrompe o prior de borda de que o metodo depende; os autores reconhecem que ""the degradation under Gaussian blur highlights a limitation in the current method"" e propoem estender o metodo a cenarios reais mais amplos",1,1,1,0.5,1,1,5.5,ia_pendente_verificacao,,"Junto com S0272, e o precedente mais direto do desenho do TCC: frequencia (wavelet de Haar) somada a borda (Sobel e Laplaciano) sobre um mesmo backbone, com ablacao cruzada real. Duas diferencas em relacao ao TCC: a frequencia entra por wavelet e nao por DCT, e a fusao e por atencao cruzada explicita (EGAM) e nao por gate. Achado relevante para a RQ1.3: assim como no S0272, a combinacao dos dois dominios e subaditiva em F1, ou seja, o ganho conjunto e menor que a soma dos ganhos isolados. Atencao para dois contextos experimentais diferentes que usam o mesmo conjunto: a Tabela 2 (escolha de backbone, AUC 85,3% no NIST16) e do modelo pre-treinado, enquanto a Tabela 7 (ablacao, baseline com AUC 97,7%) e do modelo ajustado; comparar numeros entre elas seria erro. O estudo e um dos poucos do lote a reportar dispersao entre execucoes, mas nao diz quantas execucoes, o que impede calcular intervalo de confianca."
S0334,Dagar; Vishwakarma,2025,"Signal, Image and Video Processing",periodico,Springer,imagem_natural,multiplo,ResNet18,"modelo dual-branch com ramo de alta frequencia (via DCT/IDCT com limiar de corte adaptativo) e ramo contextual RGB sobre encoder-decoder ResNet18, com modulo de extracao de bordas baseado em Sobel e modulo de fusao de features inspirado no BiSeNet",transversal,borda+espacial+frequencia,atencao,sim,sim,borda+frequencia,nao,CASIA V2.0; CASIA V1.0; Columbia; Coverage; NIST16; IMD2020; DEF-12k; Carvalho,IoU; F1,"treino em CASIA2 (5063 imagens) seguido de treino/avaliacao em 7 datasets shallowfake com splits proprios (Tabela 1); imagens redimensionadas para 224x224; Adam, batch 32, lr inicial 1e-3 decaido por fator 0,8 a cada 10 iteracoes, 250 epocas + 100 epocas de fine-tuning; 2 GPUs NVIDIA","F1 0,9638 no NIST16 (Tabela 3); IoU 0,8529 no Columbia (Tabela 2)","supera baselines como U-Net, FCN, DeepLabv3, CAT-NET, PIM e TruFor na maioria dos datasets, ex.: F1 0,855 em CASIAv1 vs 0,673 (U-Net) e 0,739 (TruFor)",sim,nao_informado,"""over 40 trainable parameters"" (Secao Conclusao/limitacoes, unidade nao esclarecida no texto, provavelmente milhoes)",nao_informado,nao_informado,duas GPUs NVIDIA (modelo nao especificado),sim,"estudo de ablacao mencionado como parte da avaliacao, mas o conteudo esta na secao suplementar (nao disponivel no texto extraido); apenas a existencia e citada: ""The ablation study in the evaluation demonstrates the impact of individual components of the model on the overall results. This section has been contained in the supplementary material.""","exige datasets de treino substanciais; desempenho piora com imagens de baixa qualidade/artefatos de compressao; mais de 40 (milhoes de?) parametros treinaveis, custo computacional alto, pouco adequado para dispositivos moveis",1,1,1,1,1,1,6.0,ia_pendente_verificacao,,"Estudo combina explicitamente frequencia e borda sobre o mesmo backbone (ResNet18) com fusao por atencao, candidato relevante a precedente para RQ1.3. Porem a ablacao cruzada que permitiria confirmar avalia_interacao='sim' ou 'parcial' esta no material suplementar, nao incluido no texto extraido nem verificado no PDF. CONFERIDO no PDF original (12 paginas completas, 2026-09-21): o corpo do artigo apenas cita a existencia da ablacao e remete ao material suplementar via DOI externo (""This section has been contained in the supplementary material"", Introducao); nao ha nenhuma tabela de ablacao nem valores isolados de frequencia/borda em nenhuma pagina do PDF principal. O supplementary nao esta anexado a este PDF e nao foi obtido. avalia_interacao mantido em nao, confirmado — nao ha versao da ablacao cruzada no corpo do artigo."
S0404,Wei; Bai; Liang; Liu; Ma; Sui; Chen,2026,IEEE Transactions on Geoscience and Remote Sensing,periodico,IEEE,sensoriamento_remoto,inpainting+splicing+copy_move,proprio,"backbone dual-stream próprio (WPC, wavelet pyramid convolution, no ramo espacial e SRM no ramo de ruído) combinado com módulo de fusão multi-escala (MRGF) e módulos de decomposição/atenção foreground-edge (MLFD e FEAG)",transversal,borda+espacial+frequencia+ruido,atencao,sim,sim,borda+frequencia+ruido,parcial,Fake-Vaihingen; Fake-LoveDA; Fake-HRCUS,Precision; Recall; F1; IoU; FLOPs; parametros; tempo de inferencia; FPS,"divisão fixa treino/validação/teste por dataset (ex.: Fake-HRCUS: 1896 treino, 476 validação, 300 teste, Tabela I); sem menção a folds ou sementes","F1 98,37% e IoU 96,45%(aprox.) em Fake-HRCUS (melhor entre os três datasets); F1 96,62%/IoU 93,47% em Fake-Vaihingen; F1 97,81%/IoU 95,71% em Fake-LoveDA","+1,77% F1 e +3,26% IoU sobre o segundo melhor método (DeFINet) em Fake-Vaihingen; +2,67% IoU sobre HDFNet em Fake-LoveDA (Seção V-D)",sim,"F1 cai de ~96-98% (in-domain) para 47,75% (Fake-LoveDA→Fake-Vaihingen), 52,34% (Fake-HRCUS→Fake-Vaihingen) e 34,24% (Fake-HRCUS→Fake-LoveDA); métodos concorrentes geralmente abaixo de 40% (Tabela VII, Seção V-F1)","22,72 M","16,02 G","17,53 s de inferência total no conjunto Fake-HRCUS; throughput 17,11 FPS (Tabela X)",NVIDIA GeForce RTX 4090Ti (24 GB),sim,"varia backbone (ResNet18/34/50, MobileNetV2, LSKNet vs. WPC), remove/adiciona MRGF e seus submódulos SCA/MCA/LCA, remove MLFD&FEAG do modelo completo e depois remove separadamente os ramos foreground (w/o fg) e edge (w/o edge), varia profundidade de decomposição wavelet e pesos das perdas","falsos negativos em regiões forjadas finas ou de pequena escala com alta similaridade ao fundo; falsos positivos em cantos geométricos ou pontos de inflexão de borda devido à suavização espacial das convoluções (Seção V-H, Fig. 11)",1,1,1,1,1,1,6.0,ia_pendente_verificacao,,"Estudo de sensoriamento remoto (fora do domínio documento/face, mas dentro do escopo D3/RSL por combinar frequência+ruído+borda). Backbone é uma arquitetura própria (WPC), não um backbone padrão pré-treinado."
S0447,Ye; Wang; Zheng; Gao; Huang; Yang,2026,IEEE Journal of Selected Topics in Applied Earth Observations and Remote Sensing (JSTARS),periodico,IEEE,sensoriamento_remoto,copy_move,U-Net+ViT-B+BERT,"módulo de atenção em subbandas wavelet (WSA) aplicado às máscaras de segmentação (fundo/origem/adulterado) para realçar bordas via atenção direcional nas subbandas de alta frequência LH/HL, combinado com um módulo de atenção cross-modal (CMA) que funde as representações visuais com o texto da pergunta para responder perguntas sobre adulteração por copy-move",camadas_finais,espacial+frequencia,atencao,sim,nao,nao_aplica,nao,RS-CMQA; RS-CMQA-B; Real-RSCM,OA (overall accuracy); AA (average accuracy),"divisão 70%/15%/15% treino/validação/teste nos três datasets; batch size 32; otimizador Adam; 20 épocas (RS-CMQA) ou 30 épocas (RS-CMQA-B e Real-RSCM); taxa de aprendizado do módulo de reconstrução de máscara decai de 1e-3 a 1e-4 (primeiras 20 épocas), demais pesos de 5e-4 a 1e-6 (Seção IV-B)","CMA-WSA supera CMFPF (segundo melhor) em OA/AA nos três datasets: +0,19%/+0,33% em RS-CMQA, +0,28%/+0,31% em RS-CMQA-B, +0,30%/+0,21% em Real-RSCM (Seção IV-C, Tabela I)","sobre o baseline com fusão por concatenação (OA 86,99%, AA 84,87%), o modelo completo CMA-WSA atinge OA 93,09% e AA 91,65% em Real-RSCM, ganho de +6,10 p.p. OA e +6,78 p.p. AA (Seção IV-D, Tabela II)",nao,nao_aplica,"baseline 195,66 M; +72 parametros com WSA; +0,89 M parametros com CMA; +0,89 M parametros no modelo combinado (Seção IV-D, Tabela II)","baseline 92,78 G; +0,23 M FLOPs com WSA; +2,04 M FLOPs no modelo combinado (Seção IV-D, Tabela II)",nao_informado,NVIDIA RTX 4090 (GPU única),sim,"adiciona WSA e CMA separadamente e em conjunto sobre um baseline de fusão por concatenação; varia o hiperparâmetro de perda λ e a dimensão C do módulo CMA; mascara individualmente cada subbanda wavelet (LL/LH/HL/HH) e remove a atenção das subbandas LH/HL; compara CMA com quatro métodos clássicos de fusão de features (Seção IV-D, Tabelas II-VI)","alta taxa de erro em perguntas de alta dificuldade, como identificar se a região adulterada foi rotacionada (Q14); dimensão C muito grande no módulo CMA aumenta custo computacional e dificulta convergência; dependência de codificadores pré-treinados (ViT-B e BERT), que poderiam ser substituídos por LLMs mais avançados (Conclusão)",1,1,1,1,1,1,6.0,ia_pendente_verificacao,,"combina_multiplas e avalia_interacao marcados 'nao' porque a única customização de domínio de representação é a frequência (via WSA/wavelet); o módulo CMA é um mecanismo de fusão cross-modal (imagem-texto), não uma segunda customização de domínio (borda/ruído/textura) no sentido do protocolo. A Tabela II contém, no entanto, uma ablação cruzada genuína e completa (baseline, +WSA, +CMA, +ambos) que poderia ser relevante para outras perguntas de pesquisa fora de RQ1.3 — sinalizado para conferência humana."
S0467,Nam; Moon; Lee,2025,IEEE/CVF International Conference on Computer Vision (ICCV 2025),conferencia,IEEE/CVF,imagem_natural,splicing+copy_move,"Pyramid Vision Transformer v2 (PVT-v2-B2) pre-treinado em ImageNet-1K, usado tanto no codificador quanto no decodificador","bloco de atencao unificado nas conexoes de salto (M2S) que aplica, sobre um mapa de caracteristicas de escala cruzada, atencao de canal multiespectral construida com imagens base da DCT 2D e selecao top-K, seguida de atencao espacial multiescala numa piramide inspirada em SIFT com convolucoes dilatadas e pesos aprendiveis de primeiro plano e fundo; o decodificador Transformer recebe ainda atencao guiada por dificuldade (DGA) calculada por um mapa de prior global baseado em curvatura de borda (Edge-Aware Difficulty Calculator)",transversal,borda+espacial+frequencia,atencao,sim,sim,borda+espacial+frequencia,parcial,"treino: CASIAv2 e DIS25k (dois esquemas separados); teste em dominio nao visto: CASIAv1, Columbia, IMD2020, CoMoFoD, In the Wild, MISD e o conjunto de treino alternativo",DSC (coeficiente de Dice); mIoU,"validacao cruzada de cinco folds com media e desvio padrao reportados em todas as tabelas; dois esquemas de treino (CASIAv2 e DIS25k), com os seis conjuntos externos jamais usados em treino; todos os modelos comparados treinados com as mesmas configuracoes; Adam com taxa de aprendizado inicial 1e-4 reduzida a 1e-6 por cosine annealing, lote 32, 100 epocas, imagens redimensionadas para 256x256; hiperparametros do M2SFormer: Cr=64, resolucao alvo (H/8, W/8), F=16, L=3 niveis de piramide, CT=300 e tau=0,5; selecao de limiar nao declarada","no esquema de treino CASIAv2, DSC 58,8 (desvio 12,8) e mIoU 50,8 (12,8) no dominio visto; nos dominios nao vistos, DSC 69,1 no MISD, 58,4 no CASIAv1, 42,4 no Columbia, 38,5 no DIS25k, 35,0 no In the Wild, 32,6 no IMD2020 e 24,9 no CoMoFoD (Tabela 1)","+3,0 pontos de DSC e +2,3 de mIoU sobre o melhor concorrente no dominio visto (PIMNet, 55,8 / 48,5) usando 27,4 M de parametros contra 73,3 M do PIMNet e 14,2 GFLOPs contra 17,9 G; na ablacao da Tabela 3, o bloco M2S completo (S3) ganha +15,9 pontos de DSC em dominio nao visto sobre a variante sem multiespectral e sem multiescala (S0: 27,1 contra 43,0); na Tabela 4, trocar o decodificador sem DGA pelo EADC+DGA eleva o DSC nao visto de 32,3 para 43,0",sim,"com treino em CASIAv2, o DSC cai de 58,8 no dominio visto para 43,0 na media dos nao vistos (Tabela 3, linha S3), queda de 15,8 pontos; por conjunto a queda maxima e para 24,9 de DSC no CoMoFoD","27,4 M no modelo completo (Tabelas 3, 6 e 7), contra 73,3 M do PIMNet, 104,4 M do FBINet e 136,2 M do MVSSNet","14,2 GFLOPs a 256x256 (Tabelas 3, 6 e 7); menor entre os treze modelos comparados",nao_informado,nao_informado,sim,"tres ablacoes: (i) Tabela 3, fatorial 2x2 do bloco M2S cruzando espectro simples ou multiplo com escala simples ou multipla (S0, S1, S2, S3); (ii) Tabela 4, decodificador sem DGA, com calculador de dificuldade simples e com o calculador ciente de borda; (iii) Tabela 7, troca de backbone entre ResNet50, Res2Net50, ResNeSt50, MiT-B2, P2T-Small e PVT-v2-B2, com parametros e FLOPs em todas","nao_informado (o artigo nao tem secao de limitacoes; a secao de impacto amplo menciona apenas, de forma generica, que o refinamento adversarial das tecnicas de adulteracao continua sendo uma preocupacao)",1,1,1,1,1,1,6.0,ia_pendente_verificacao,,"O PDF disponivel e a versao arXiv (arXiv:2506.20922v1, 26 jun 2025) do artigo publicado no ICCV 2025 (DOI 10.1109/iccv51701.2025.01478); os numeros conferidos sao os dessa versao. As Tabelas 1 e 2 saem do pdftotext com todas as celulas em fluxo continuo, sem cabecalho alinhado: os valores do M2SFormer foram lidos pela ordem de colunas declarada no cabecalho (DIS25k, CASIAv1, Columbia, IMD2020, CoMoFoD, In the Wild, MISD) e conferidos contra os valores citados no texto e nas Tabelas 3 e 4, que batem (58,8 visto e 43,0 media nao vista). As Tabelas 3, 4, 6 e 7 saiu em formato legivel. Este e o estudo mais forte do lote para a RQ1.3: e o unico com fatorial 2x2 completo entre dois dominios de representacao. [Reclassificado de sim para parcial em 2026-09-30: a Tabela 3 cruza a multiplicidade (simples contra multiplo) de espectro e escala, nao a presenca de dominios distintos; a borda (EADC) so e variada na Tabela 4, sempre com o bloco de frequencia presente. Regra de avalia_interacao revisada, ver protocolo 10.2.]"
S0689,Kou; Li; Ma; Zhou; Huang; Li,2025,Artificial Intelligence Review,periodico,Springer,face,deepfake,Xception,"modulo SFFI que converte o quadro para escala de cinza, aplica FFT 2D com centralizacao, log e normalizacao, e concatena o espectro de amplitude como quarto canal da imagem RGB na entrada do Xception, somado a uma perda de margem dinamica (AAML) por classe",entrada_bruta,espacial+frequencia,canais_entrada,nao,sim,espacial+frequencia,parcial,FaceForensics++ c23; Celeb-DF v1; Celeb-DF v2; DFDC Preview,ACC; AUC; AP; F1; GFLOPs; parametros; valor-p,"treino unico em FF++ c23 e teste cruzado em Celeb-DF v1, Celeb-DF v2 e DFDCP; 32 quadros por video, faces recortadas com Dlib em 256x256; Adam, taxa 2e-4, decaimento 5e-4, lote 32, 10 epocas, sem agendador; todos os metodos rodados no benchmark DeepfakeBench com configuracao padrao; nao informa numero de folds, sementes nem criterio de selecao de limiar","AUC 88,40% (ACC 78,06%, AP 92,45%, F1 83,92%) em Celeb-DF v1 com treino em FF++","+14,22 pontos de AUC sobre o Xception puro em Celeb-DF v1 (88,40 contra 74,18); +5,79 em Celeb-DF v2 (79,00 contra 73,21); +2,23 em DFDCP (75,88 contra 73,65)",sim,nao_informado,"20,8113 M (Tabela 2)","192,5195 GFLOPs (Tabela 2)",nao_informado,NVIDIA GTX 3090,sim,"Tabela 5 remove SFFI, remove AAML e remove ambos, formando um fatorial 2x2 completo sobre o Xception; alem disso acopla a AAML a nove outros detectores (Tabela 6), compara a AAML com tres outras perdas sobre o Xception (Tabela 7) e mede o efeito do aumento de dados (Tabela 8)","as diferencas em relacao a RFM, Recce e UCF nao sao estatisticamente significativas e a taxa de falsos positivos ainda precisa de otimizacao; o arcabouco e apenas por quadro, sem modelagem temporal, deixada como trabalho futuro; o custo em GFLOPs e parametros nao e o melhor entre os comparados",1,1,1,0.5,1,1,5.5,ia_pendente_verificacao,,"A atribuicao automatica de dominios trazia borda+frequencia, mas nao ha nenhuma customizacao de borda no artigo; a unica ocorrencia de borda e a expressao incidental ""texture edges"" na Secao 3.3.1. Dominio de representacao corrigido para espacial+frequencia. Tabelas 2, 3 e 5 vieram com colunas deslocadas no pdftotext (as colunas AP e F1 aparecem em bloco separado); os numeros usados foram conferidos contra o texto corrido da Secao 4.3, que repete todos os valores da ablacao."
S0795,Dai; Fei; Xia; Liu; Weng,2023,Journal of Image and Graphics,periodico,outro,face,deepfake,ResNet18,"modulo local similarity predicator (LSP) que decompoe features locais em grupos horizontais/verticais para prever similaridade com vizinhos, combinado com spatial rich model convolutional pyramid (SRMCP) que extrai ruido de alta frequencia em multiplas escalas via kernels SRM, ambos sobre backbone ResNet18",camadas_iniciais,ruido+textura,canais_entrada,nao,sim,ruido+textura,sim,"FaceForensics++ (DF, F2F, FS, NT; RAW/C23/C40); Celeb-DF (avaliacao cross-domain)",ACC; AUC,"PyTorch 1.9, CentOS 7.0, 4x NVIDIA RTX 3090 24GB, 2x Intel Xeon Gold 6126@2.60GHz; otimizador Adam lr=1E-3; ResNet18 pre-treinado em ImageNet; split FF++ treino/val/teste 720/140/140","ResNet18+SRMCP+LSP: 99.72% (RAW), 98.34% (C23), 90.73% (C40), media 96.26% de acuracia no FF++ (Tabela 1)","supera Xception em 2.31% (C40); supera MesoNet em 13.33%/20.26% (C40, duas metricas); supera metodo de aprendizado metrico CVPR2021 em 0.29%/1.63%/1.22% (RAW/C23/C40); ablacao (Tabela 7) mostra ganho de ~0.45% sobre ResNet18 puro na media do C40",sim,acuracia cai de 99.95% (FF++) para 75.82% (Celeb-DF) (Tabela 6),11.264 M (ResNet18+SRMCP+LSP) vs 11.177 M (ResNet18 puro) vs 20.809 M (Xception) (Tabela 10),9.333 G FLOPs (ResNet18+SRMCP+LSP) vs 9.052 G (ResNet18 puro),"9.342 ms e 22.949 ms (dois valores de hardware distintos reportados na Tabela 10, provavelmente GPU e CPU)",4x NVIDIA RTX 3090 24GB; 2x Intel Xeon Gold 6126@2.60GHz,sim,remocao isolada de SRMCP e de LSP do ResNet18 puro (Tabela 7); posicao de insercao do LSP em T0/T1/T2 (Tabela 9); tamanho de patch 8/16/32 (Tabela 8),trabalho futuro visa otimizar ainda mais o modulo de aprendizado de similaridade local para prever anomalias locais em diferentes tipos de rostos falsificados e melhorar a generalizacao para rostos falsos desconhecidos,1,1,1,1,1,1,6.0,ia_pendente_verificacao,,"texto extraido apresenta trechos em chines com codificacao corrompida (mojibake) intercalados com secoes em ingles legiveis (abstract, tabelas, referencias); extracao feita a partir das partes legiveis em ingles e dos valores numericos das tabelas, que estao integros"
S0876,Zhang; Hu; Min; Sui; Zhou,2024,PLoS ONE,periodico,PLOS,face,deepfake,"EfficientNet-B0 (um por ramo, pre-treinado em ImageNet) + Vision Transformer com cross-attention","duas cabecas de pre-processamento antes do backbone: o ramo espacial converte para YCbCr e aplica o operador Scharr de borda sobre as componentes Cb e Cr, concatenando com a luminancia Y; o ramo de frequencia aplica transformada wavelet de Haar e funde as sub-bandas LH, HL e HH com LL; os dois ramos sao fundidos por cross-attention no Transformer",entrada_bruta,borda+espacial+frequencia,atencao,sim,sim,borda+frequencia,parcial,"FaceForensics++ (HQ/c23 e LQ/c40, nas quatro manipulacoes Deepfake, Face2Face, FaceSwap e NeuralTextures); Celeb-DF (somente cross-dataset)",acuracia (ACC); AUC,"divisao 7:1:2 em treino, validacao e teste para cada nivel de qualidade; faces extraidas por MTCNN, amostragem de 1 a cada 30 quadros em treino, validacao e teste; 50 epocas com parada antecipada apos 10 epocas sem melhora na perda de validacao; SGD com taxa 0,01, weight decay 1e-6, lote 32; sem folds, sem sementes e sem criterio de selecao de limiar declarado","acuracia em FF++ (HQ) de 97,7% (Deepfake), 91,0% (Face2Face), 98,9% (FaceSwap) e 90,0% (NeuralTextures); em FF++ (LQ), 85,1%, 83,1%, 78,5% e 66,0% respectivamente (Tabelas 3 e 4)","em FF++ (HQ) +0,4 ponto sobre o melhor comparado em Deepfake (97,7 contra 97,3 do IR-Capsule) e +2,6 em FaceSwap; em FF++ (LQ) a margem e grande, +9,8 pontos em Deepfake (85,1 contra 75,3 do Muti-clues) e +16,7 em Face2Face; pela ablacao (Tabela 6), o modelo completo supera o ramo espacial isolado em 16,7 pontos em Deepfake e 28,1 em NeuralTextures",sim,"AUC 77,10% em Celeb-DF treinando em FF++ (HQ), contra acuracias de 90 a 99% intra-dataset; a queda nao e nomeada pelos autores e as metricas diferem (ACC intra contra AUC cross), entao nao e diretamente comparavel. Ganhos relativos declarados: +9,29 pontos de AUC sobre CNN-Transformer e +4,83 sobre Fre-Xception",nao_informado,nao_informado,nao_informado,nao_informado,sim,"Tabela 6 compara quatro configuracoes nas quatro manipulacoes do FF++ (HQ): somente ramo espacial YCbCr, somente ramo de frequencia Haar, os dois ramos juntos com EfficientNet nao modificado, e o modelo completo com EfficientNet melhorado mais cross-attention","desempenho fraco em NeuralTextures por causa das alteracoes sutis e distribuidas por diferentes regioes faciais, que exigem modelagem de relacao entre regioes; perda de informacao de falsificacao sob compressao alta degrada FaceSwap e NeuralTextures no FF++ (LQ); necessidade de adaptacao a manipulacoes fora dos datasets publicos atuais",1,1,1,1,1,1,6.0,ia_pendente_verificacao,,"Inconsistencia interna: a Secao 4.2 diz redimensionar as faces para 224x224 e a Tabela 2 declara resolucao de imagem 256x256. Nao ha nenhum dado de custo computacional (parametros, FLOPs, latencia) nem de hardware, apesar de o argumento central do artigo ser eficiencia da combinacao CNN+ViT. Nenhum teste estatistico, semente ou desvio-padrao. As tabelas sairam desalinhadas no pdftotext, com os nomes dos modelos numa coluna e os numeros em outra; a leitura por posicao foi conferida pela ordem descrita no texto corrido [Reclassificado de sim para parcial em 2026-09-30: o cruzamento da Tabela 6 opoe o ramo espacial+borda ao ramo de frequencia; a borda (Scharr) esta embutida no ramo YCbCr e nunca e isolada, entao a interacao frequencia x borda nao e medida. Regra de avalia_interacao revisada, ver protocolo 10.2.]"
S0889,Jeon; Woo,2025,CIKM 2025 (34th ACM International Conference on Information and Knowledge Management),conferencia,ACM,misto,deepfake+generico,"Xception (principal); tambem ResNet50, EfficientNet-B4 e ViT-16 como extratores alternativos","substitui a entrada RGB por um mapa de desfoque (defocus blur map) estimado por algoritmo baseado em bordas, a razao entre magnitudes de gradiente em duas escalas gaussianas (Zhuo e Sim), alimentando um classificador padrao; numa segunda configuracao, para conteudo gerado por IA, usa dois ramos paralelos (RGB e defocus) fundidos no nivel de features",entrada_bruta,borda+espacial,atencao,sim,sim,borda+espacial,parcial,"FaceForensics++ (raw, nas quatro manipulacoes DF, F2F, FS e NT; mencao sem numeros a uma avaliacao em c40); SYNDOF; LFDOF; CUHK; Flickr; Middlebury; RTF (apenas teste)",AUC; acuracia; recall; divergencia KL e escore de alinhamento entre SHAP e desfoque; estatistica de Kolmogorov-Smirnov,"FF++ raw com 1.000 videos reais e igual numero de falsos por tipo de manipulacao, proporcao 1:1, divisao em treino, validacao e teste sem sobreposicao (proporcoes nao informadas); imagens em 299x299 normalizadas por estatisticas do ImageNet; Adam com BCEWithLogitsLoss, lote 32, melhor checkpoint por parada antecipada, convergencia tipica em 5 epocas; SYNDOF com a composicao da Tabela 2 e lote 128; intervalos de confianca de 95% por DeLong para AUC e teste de Kolmogorov-Smirnov de duas amostras para a variancia local; taxa de aprendizado, sementes e numero de repeticoes nao informados","AUC media 0,998 em FF++ (raw) com entrada composta apenas pelo mapa de desfoque (DF 0,999; F2F 0,998; FS 0,998; NT 0,999), com IC95% de DeLong entre 0,9980 e 0,9997; em SYNDOF, Xception com RGB+Defocus atinge acuracia 0,972, recall 0,946 e AUC 0,998","+0,004 de AUC media sobre o melhor comparado SFCF (0,994) e +0,028 sobre o Xception RGB (0,970), numeros dos comparados retirados do DeepfakeBench; em SYNDOF, acrescentar o ramo de desfoque ao RGB rende +2,1% de acuracia e +4,0% de recall no Xception, +0,3% e +0,5% no ResNet-50 e +2,2% e +4,7% no ViT-16 (Tabela 4)",nao,nao_aplica,nao_informado,nao_informado,"595,178 ms por lote de 64 imagens apenas para o modulo de estimacao do mapa de desfoque, dominado pelo estagio de mapa de bordas (582,088 ms), com pico de memoria de 847,9 MB (Tabela 1); a latencia da rede de deteccao em si nao e reportada","declarado apenas como uma unica GPU, sem modelo especificado",sim,"varia o backbone do detector baseado em desfoque (Xception, EfficientNet-B4, ViT-16) em FF++; varia os desvios-padrao do filtro gaussiano da estimacao de desfoque, (1,0 / 1,5), (1,5 / 2,0) e (2,0 / 2,5); e compara RGB sozinho contra RGB+Defocus em tres backbones no SYNDOF","robustez em implantacao real nao avaliada; sob compressao JPEG agressiva os artefatos de bloco e ringing atrapalham a estimacao de desfoque baseada em bordas, e na avaliacao em c40 o metodo ficou abaixo do estado da arte (sem numeros reportados); ruido de sensor, desfoque de movimento, variacao de iluminacao e distorcao de lente tambem podem mascarar o padrao de desfoque genuino e nao estao representados nos dados sinteticos",0.5,1,1,0.5,1,0.5,4.5,ia_pendente_verificacao,,"Ponto de atencao para comparabilidade: os numeros dos metodos concorrentes na Tabela 3 sao ""taken from DeepfakeBench"", enquanto o modelo proprio foi treinado no FF++ raw com proporcao 1:1 montada pelos autores, entao a comparacao nao esta sob protocolo unico. Os resultados proprios estao no teto (0,998 medio, com IC de DeLong de largura menor que 0,001), o que junto com a proporcao balanceada construida pelos autores merece ceticismo do revisor. O PDF e a versao arXiv (arXiv:2509.23289v1) do artigo do CIKM 2025. O dataset RTF e usado somente em teste dentro do experimento SYNDOF, mas o estudo nao reporta nenhuma avaliacao explicita de treinar num conjunto e testar em outro com queda medida, por isso cross_dataset foi marcado como nao"
S1095,Wasin Alkishri; Shahid Kamal; Jabar H. Yousif,2026,Information (MDPI),periodico,MDPI,face,deepfake,ViT-B/16 (ImageNet-21k) no ramo espacial; CNN de 4 blocos no ramo forense,"tensor forense de 11 canais construido da imagem bruta (FFT por canal, sub-bandas Haar DWT, residuo de ruido, magnitude de gradiente Sobel e ELA) processado por um ramo CNN e fundido ao ramo ViT por atencao cruzada bidirecional",entrada_bruta,borda+espacial+frequencia+ruido,atencao,sim,sim,borda+frequencia+ruido,parcial,FaceForensics++ C23; Celeb-DF v2; CIFAKE,acuracia; AUC-ROC; F1; precisao; recall; EER,"particao por video com semente fixa 42, 70% treino, 15% validacao, 15% teste (5548/1188/1190 imagens), garantindo que cada video aparece em um unico split; remocao de frames quase duplicados (SSIM maior que 0,95) verificada como impacto menor que 1%; divisao unica, sem folds e sem repeticoes com sementes diferentes; melhor checkpoint escolhido pela AUC de validacao (epoca 30); AUC-ROC adotada como metrica primaria por ser independente de limiar, sem procedimento de selecao de limiar declarado","FaceForensics++ C23 (teste, 1190 imagens): AUC-ROC 94,26%, acuracia 85,55%, F1 86,22%, EER 8,50% (Tabela 5)","+1,11 a +7,56 p.p. de AUC sobre os baselines da Tabela 6 (XceptionNet 88,30; Swin-T 92,10; ViT+MoE 93,15); na ablacao da Tabela 9, +5,84 p.p. de AUC sobre o ViT-B/16 somente RGB (88,42 para 94,26) e +6,65 p.p. sobre a CNN forense sozinha (87,61)",sim,"sem fine-tuning, AUC cai de 94,26% em FF++ C23 para 63,48% em Celeb-DF v2 (-30,78 p.p., EER 41,08%) e para 42,64% em CIFAKE (-51,62 p.p., abaixo do acaso; os autores atribuem a prioris de frequencia especificos de faces GAN aplicados a imagens nao faciais geradas por difusao)","91,2 M no total (85,8 M do ViT-B/16 espacial e 5,4 M nos ramos de frequencia e fusao); variante com ViT-S/16 tem 27,4 M (Tabela 3)","17,6 GFLOPs (variante ViT-S/16: 5,2 GFLOPs), Tabela 3","14,3 ms por imagem, cerca de 70 FPS (variante ViT-S/16: 6,1 ms), Tabela 3",uma unica GPU NVIDIA de 16 GB; o modelo exato da GPU nao e declarado,sim,"duas ablacoes: (i) Tabela 9, cinco variantes arquiteturais, ViT somente RGB, CNN forense sozinha, fusao por concatenacao, atencao unidirecional e atencao bidirecional completa; (ii) Tabela 8, leave-one-out dos cinco grupos de canais forenses (FFT, DWT, ruido, gradiente, ELA) removidos um por vez do tensor completo de 11 canais","conjunto de treino pequeno (7.926 imagens de um unico dataset) pode nao cobrir a diversidade real de manipulacoes; avaliacao so contra ataques de pos-processamento estaticos, ataques adversariais adaptativos por gradiente permanecem em aberto; custo computacional do processamento de dois ramos com atencao cruzada e preocupante para implantacao em tempo real e inviavel em borda; nao usa representacoes wavelet multiescala; generalizacao entre datasets limitada (63,48% em Celeb-DF v2 e abaixo do acaso em CIFAKE), indicando representacoes especificas do paradigma GAN; forte vulnerabilidade a ruido gaussiano de alta intensidade (AUC 68,18% com sigma igual a 40); restricao a analise de imagem estatica, sem modelagem temporal; pipelines proprietarios de compressao de plataformas podem diferir dos ataques simulados",1,1,1,1,1,1,6.0,ia_pendente_verificacao,,"Sobre ponto_intervencao: se a intervencao for classificada pelo local do modulo proprio (a fusao por atencao cruzada, que opera sobre vetores de 512 dimensoes imediatamente antes do cabecalho MLP), o valor seria camadas_finais ou transversal. Optou-se por entrada_bruta porque e ali que as customizacoes de dominio (FFT, DWT, ruido, Sobel, ELA) sao efetivamente introduzidas. O canal ELA e um indicio de historico de compressao e nao se encaixa bem no vocabulario fechado de dominio_representacao; nao foi mapeado para nenhum rotulo, para nao inferir. Os nomes dos autores nao aparecem no texto extraido pelo pdftotext (cabecalho MDPI perdido), por isso autores = nao_informado; podem ser recuperados do PDF ou do DOI 10.3390/info17090819. Ressalvas editoriais que nao alteram campos: (a) a Tabela 3 tem legenda trocada (""FAViT for more lightweight models"" no lugar de uma legenda de custo computacional); (b) a Tabela 5 troca os rotulos da matriz de confusao, atribuindo TP = 538 e FN = 81 a coluna ""Class: Real"" e TN = 480 e FP = 91 a coluna ""Class: Fake"", ao contrario do texto da Figura 4; (c) a Tabela 6 nao declara se os numeros dos baselines foram reimplementados pelos autores ou copiados das publicacoes originais; (d) a taxa de aprendizado do backbone aparece corrompida no texto extraido como ""1 x 1015-5"", lida como 1 x 10-5 pela frase seguinte (""10x less than new layers""); (e) o texto diz que a taxa minima do cosine annealing e eta_min = 1 x 10-1, valor implausivel e provavelmente erro de digitacao do artigo, nao corrigido aqui."
S1118,Guo Zhen; Qiu Runyao; Xu Jia; Liu Zhiquan; Ma Jianfeng; Zhang Wenjie,2026,Journal on Communications,periodico,"periodico academico chines (Journal on Communications / Tongxin Xuebao, ISSN 1000-436X), publicado pelo China Institute of Communications; nao pertence a IEEE, ACM, Elsevier, Springer, MDPI ou CVF",imagem_natural,splicing+copy_move+inpainting,"DINOv2 ViT-L/14 (ramo semantico, camadas 5, 11, 17 e 23 agregadas por FPN)","framework de dois ramos, semantico (DINOv2 com modulo de atencao no dominio wavelet sobre as sub-bandas de alta frequencia) e forense (SRM mais convolucao restrita de Bayar sobre a imagem bruta), unidos por fusao com porta em nivel de pixel e decodificacao em cascata com refinamento de borda",transversal,borda+espacial+frequencia+ruido,gate_aprendivel,sim,sim,borda+frequencia+ruido,parcial,treino: Fantastic-Reality (16.000); IMD2020 (2.010); CASIA v2 (7.491); SP-COCO e CM-COCO; JPEG-RAISE (24.462). teste: CASIA v1 (800); MISD (618); Coverage (100); Columbia (183); NIST16 (560); CocoGlide (512),F1; IoU; AUC; EER,"treino em conjunto composto (Fantastic-Reality, IMD2020, CASIA v2, SP-COCO, CM-COCO, JPEG-RAISE) e teste em seis conjuntos nao vistos; entrada 448 x 448, batch 8, 50 epocas; estrategia de otimizacao em dois estagios, estagio 1 com AdamW e taxa inicial 1 x 10-4, estagio 2 com AdamW 1 x 10-4 para o adaptador de tarefa e Adam 5 x 10-5, dropout p = 0,9 citado; limiar de binarizacao F1 fixado em 0,5 (""F1 0.5"" na descricao da Tabela 4); sem folds, sem sementes e sem repeticoes declaradas","localizacao, media dos seis conjuntos de teste: F1 69,5% e IoU 61,1% (Tabela 4; CASIA v1 82,6/75,9; MISD 72,0/59,0; Coverage 61,9/53,9; Columbia 81,4/75,6; NIST16 53,2/46,4; CocoGlide 65,7/56,0). Deteccao, media: AUC 90,7% e EER 12,7% (Tabela 5; CASIA v1 95,9; MISD 99,7; Coverage 78,8; Columbia 99,9; NIST16 81,7; CocoGlide 88,1)","sobre o melhor concorrente em localizacao, NC-Net: +1,9 p.p. de F1 medio (67,6 para 69,5) e +1,2 p.p. de IoU medio (59,9 para 61,1). Sobre o melhor concorrente em deteccao, SparseViT: +6,7 p.p. de AUC medio (84,0 para 90,7) e -8,2 p.p. de EER medio (20,9 para 12,7). Na ablacao cumulativa da Tabela 6, +30,9 p.p. de F1 em CASIA v1 sobre o backbone DINOv2 ViT-B/14 puro (51,7 para 82,6)",sim,nao_informado,nao_informado,nao_informado,nao_informado,CPU Intel Core i9-14900K e GPU NVIDIA GeForce RTX 5090D; Python 3.10 e PyTorch 2.7,sim,"cinco ablacoes: (i) Tabela 3, pesos b e e das perdas de contorno e de borda, em grade 3 x 3; (ii) Tabela 6, composicao cumulativa DINOv2 ViT-B/14, mais ramo forense, troca para ViT-L/14, mais atencao wavelet, mais FPN; (iii) Tabela 7, ablacao cruzada do ramo forense, SRM sozinho, Bayar sozinho e SRM+Bayar; (iv) Tabela 8, cumulativa dos modulos de fusao, Baseline, +FA, +FA+GF, +FA+GF+ER; (v) Tabela 9, cumulativa dos descritores de confianca, Baseline, +Fdino, +Fsap, +Fwsp, +Fmmp; e ainda a Tabela 10, comparando o treino em dois estagios contra alternativas de treino conjunto","Secao 4 (Conclusao), confirmada por leitura visual da p.173/p18: o modelo depende de uma estrutura de colaboracao de features relativamente complexa, com custo computacional elevado em cenarios de imagem de alta resolucao; os dados de treino vem majoritariamente de tipos de adulteracao conhecidos, podendo haver queda de desempenho diante de novos modelos generativos ou paradigmas de edicao desconhecidos (""本文模型依赖较复杂的特征协同结构，在高分辨率图像场景下计算开销较高。当前训练数据主要源于已知篡改类型，在面对新型生成模型或未知编辑范式时仍可能存在性能下降"", traducao: ""the model relies on a relatively complex feature collaboration structure, with high computational cost in high-resolution scenarios; training data mainly comes from known tampering types, so performance may still degrade against new generative models or unknown editing paradigms"")",1,1,1,1,1,1,6.0,ia_pendente_verificacao,,"Extracao inicial via pdftotext (glifos CJK descartados, restando so resumo em ingles/equacoes/tabelas/referencias) confirmada e complementada por leitura visual das 20 paginas rasterizadas (p01, p04-05 metodo, p13-14 tabelas 6-9 de ablacao, p17-18 robustez e conclusao, p19-20 referencias/autores). O lote registra o veiculo como ""DOAJ"" e o DOI como vazio; o proprio artigo declara doi 10.11959/j.issn.1000-436x.TXXB260151, Journal on Communications v. 47 n. 8, agosto de 2026, financiado pela National Natural Science Foundation of China (No. 62562027). Apesar do titulo falar em deepfake, os conjuntos de avaliacao sao de localizacao de adulteracao em imagem natural (CASIA, Columbia, Coverage, NIST16, MISD, CocoGlide), por isso dominio_aplicacao = imagem_natural. O campo queda_cross_dataset ficou nao_informado porque toda a avaliacao ja e fora do dominio de treino e o artigo nao reporta um numero in-domain de referencia para calcular a queda. Nenhuma metrica de custo (parametros, FLOPs, latencia) foi encontrada no artigo, inclusive apos leitura visual. Ha ainda avaliacao de robustez a compressao JPEG (Q de 100 a 50), desfoque gaussiano (k de 1 a 9) e ruido (0 a 25) em CASIA v1 e Columbia (Figuras 6 e 7, p.172), confirmando que o metodo proposto degrada menos que PIM e EITLNet nos tres tipos de perturbacao. A Tabela 8 mostra um ponto nao monotonico (Baseline+FA+GF cai abaixo de Baseline e de Baseline+FA em todos os datasets antes do modulo ER recuperar o desempenho); a leitura visual da prosa entre as Tabelas 8 e 9 (p.169) confirma a explicacao dada pelos autores: o modulo GF, sem o refinamento de borda (ER), introduz vies instavel de selecao de features no ponderamento dinamico multi-fonte, o que prejudica a expressao colaborativa de semantica e evidencia forense ate o ER ser adicionado. Nenhuma parte necessaria ao preenchimento dos campos permaneceu ilegivel apos a leitura visual; secoes de detalhe fino nao lidas (2.3 fusao em equacoes, 2.4 decodificacao, 3.1-3.3 configuracao e tabelas 4/5/10 completas) nao alteram nenhum campo ja extraido das equacoes e tabelas de ablacao citadas na evidencia."
